client_id	audio_id	audio_file	duration_ms	prompt_id	prompt	transcription	votes	age	gender	language	split	char_per_sec	quality_tags
9f2fa8b056f6a9ea26b482e662066df3	68284	spontaneous-speech-fr-68284.mp3	13356	1723	Pouvez-vous décrire l'un de vos hobbies et nous expliquer en quoi il consiste ?		0			French			
b347117ac2ccf1e17a0fdc7550900f09	71750	spontaneous-speech-fr-71750.mp3	16452	1723	Pouvez-vous décrire l'un de vos hobbies et nous expliquer en quoi il consiste ?		0			French			
543eb6b0dc3df3d1e0dc97e8fe9cb11b	67679	spontaneous-speech-fr-67679.mp3	12060	1744	Quel est votre emploi de rêve ?	Mon emploi de rêve, je dirais, que c'est un emploi dans lequel tu... t'as du plaisir mais dans lequel t'as pas la pression financière donc ce serait plutôt... une passion plutôt qu'un travail en fait parce que...	1			French		14.593698175787727	
98224ff9c845fcc243ec6f725aaa31f5	72819	spontaneous-speech-fr-72819.mp3	28080	1744	Quel est votre emploi de rêve ?		0			French			
bfa647cc5652398e7dc18610a08674fc	63398	spontaneous-speech-fr-63398.mp3	9000	1761	Comment essayez-vous d'économiser de l'argent dans votre famille ?	Nous ne faisons pas d'achat spontané, nous réfléchissons à nos achats	1			French		6.555555555555555	
b597fa07c1aa693be6fbb853d062f9d3	71015	spontaneous-speech-fr-71015.mp3	34092	1761	Comment essayez-vous d'économiser de l'argent dans votre famille ?	Hé ben écoute, on essaye plutôt de ne pas faire des dépenses qui sont irresponsables. On essaye plutôt de... de dépenser des sous, du coup, dans les choses qui sont uniquement nécessaires. Donc ça veut dire peut-être faire moins de cadeaux d'anniversaire, moins de cadeaux de Noël mais heu... par contre effectivement on doit remplacer l'électroménager si jamais ça casse mais on reste vraiment dans des dépenses strictement nécessaires.	1			French		10.823653643083421	
083fcf8cb9c457399752879a043f9f00	72396	spontaneous-speech-fr-72396.mp3	16128	1761	Comment essayez-vous d'économiser de l'argent dans votre famille ?		0			French			
721a5ecd0b0131aafc854063b2ca8dc5	72656	spontaneous-speech-fr-72656.mp3	7956	1761	Comment essayez-vous d'économiser de l'argent dans votre famille ?		0			French			
05b125967de7adc88ccaf4ae3d0ebdda	79204	spontaneous-speech-fr-79204.mp3	6588	9426	Quelle est la capitale de la France?		0			French			
b597fa07c1aa693be6fbb853d062f9d3	71025	spontaneous-speech-fr-71025.mp3	19188	1719	Expliquez un projet créatif que vous avez réalisé récemment. Quels matériaux avez-vous utilisés et quel était le processus de création ?	"Ha ! J'ai modélisé l'entièreté du niveau terreur de ""Monstres et compagnie"" dans Blender. C'était, du coup, assez rigolo parce que c'était une occasion pour moi d'apprendre la 3D. Et c'était très agréable parce que c'est mon film préféré. Donc voilà."	1			French		10.944340212632897	
c68a599099184795da8fe86d676e40e4	71462	spontaneous-speech-fr-71462.mp3	11484	1719	Expliquez un projet créatif que vous avez réalisé récemment. Quels matériaux avez-vous utilisés et quel était le processus de création ?		0			French			
9f2fa8b056f6a9ea26b482e662066df3	68336	spontaneous-speech-fr-68336.mp3	3384	7227	Quelle heure est-il ?		0			French			
083fcf8cb9c457399752879a043f9f00	72386	spontaneous-speech-fr-72386.mp3	2880	7227	Quelle heure est-il ?	Dix-huit heures, tout rond.	1			French		8.333333333333334	
047bca920b3e5a7025f9bc4daa580ca3	72773	spontaneous-speech-fr-72773.mp3	4932	7227	Quelle heure est-il ?		0			French			
98224ff9c845fcc243ec6f725aaa31f5	72824	spontaneous-speech-fr-72824.mp3	4140	7227	Quelle heure est-il ?		0			French			
9f2fa8b056f6a9ea26b482e662066df3	68292	spontaneous-speech-fr-68292.mp3	1512	6871	Est-ce que vous trouvez le temps de lire ?	oui !	1			French		2.6455026455026456	short-audio|transcription-length
c68a599099184795da8fe86d676e40e4	71480	spontaneous-speech-fr-71480.mp3	16056	6871	Est-ce que vous trouvez le temps de lire ?	J'ai toujours trouvé du temps pour lire ne serait-ce que cinq minutes, dix minutes, un quart d'heure. C'est très facile. Et puis sinon dans les transports en commun c'est extraordinairement facile de lire pendant longtemps.	1			French		11.771300448430493	
083fcf8cb9c457399752879a043f9f00	72393	spontaneous-speech-fr-72393.mp3	34560	6871	Est-ce que vous trouvez le temps de lire ?		0			French			
05b125967de7adc88ccaf4ae3d0ebdda	79180	spontaneous-speech-fr-79180.mp3	6552	6871	Est-ce que vous trouvez le temps de lire ?		0			French			
543eb6b0dc3df3d1e0dc97e8fe9cb11b	67668	spontaneous-speech-fr-67668.mp3	7920	1755	Votre famille suit-elle un budget strict ?		0			French			
c68a599099184795da8fe86d676e40e4	71471	spontaneous-speech-fr-71471.mp3	4212	1755	Votre famille suit-elle un budget strict ?	Pas du tout, pas du tout, pas du tout.	1			French		7.122507122507123	
282a245ee202ed009931d38006275ce2	78285	spontaneous-speech-fr-78285.mp3	4032	9204	Elle a quel âge à peu près ?		0			French			
05b125967de7adc88ccaf4ae3d0ebdda	79198	spontaneous-speech-fr-79198.mp3	5184	9204	Elle a quel âge à peu près ?		0			French			
d489b9df269798d99acc9ccfee11859c	67175	spontaneous-speech-fr-67175.mp3	28908	1794	Comment pouvons-nous nous assurer que les élèves dans les écoles sont gentils les uns envers les autres ?	C'est une très bonne question. On souhaite tous que le passage par l'école soit agréable et favorise l'empathie et l'épanouissement des enfants. Peut-être que la pratique de la méditation, qui est à la mode en ce moment, permettrait de prendre conscience de ce dont l'autre a besoin pour se sentir bien et d'être plus gentil avec lui, plus à l'écoute de ses besoins.	1			French		10.516120105161201	
9f2fa8b056f6a9ea26b482e662066df3	68294	spontaneous-speech-fr-68294.mp3	6408	1794	Comment pouvons-nous nous assurer que les élèves dans les écoles sont gentils les uns envers les autres ?		0			French			
b597fa07c1aa693be6fbb853d062f9d3	71020	spontaneous-speech-fr-71020.mp3	54288	1794	Comment pouvons-nous nous assurer que les élèves dans les écoles sont gentils les uns envers les autres ?		0			French			
31fb59dd5111f04a506e12fc0436eed3	72427	spontaneous-speech-fr-72427.mp3	20844	1794	Comment pouvons-nous nous assurer que les élèves dans les écoles sont gentils les uns envers les autres ?	Nous pouvons nous en assurer en interrogeant les enfants, eh bien... et, et en leur demandant si leurs camarades sont, sont sympas avec eux, si, s'il n'y a pas de, de problème, notamment dans la cour de récréation.	1			French		8.491652274035694	
7dde671dbdb7d6c5d23871c4bd8b38e5	78959	spontaneous-speech-fr-78959.mp3	54216	1794	Comment pouvons-nous nous assurer que les élèves dans les écoles sont gentils les uns envers les autres ?		0			French			
de2e528fea6cbe711268ae999e034a40	63496	spontaneous-speech-fr-63496.mp3	5220	1728	Quelle serait pour vous une fête parfaitement réussie ?	Un moment où tout le monde serait heureux.	1			French		6.704980842911878	
4a1178c9d9de5f9734dc3369c7325345	67588	spontaneous-speech-fr-67588.mp3	2736	1728	Quelle serait pour vous une fête parfaitement réussie ?	Une fête annulée	1			French		5.116959064327485	
083fcf8cb9c457399752879a043f9f00	72391	spontaneous-speech-fr-72391.mp3	9108	1728	Quelle serait pour vous une fête parfaitement réussie ?		0			French			
8e8accf41391dafc9940816b3411aa48	78802	spontaneous-speech-fr-78802.mp3	6444	1742	Quelle est la partie la plus stressante de votre travail, de vos études ou de votre passe-temps ?		0			French			
05b125967de7adc88ccaf4ae3d0ebdda	79217	spontaneous-speech-fr-79217.mp3	9972	1742	Quelle est la partie la plus stressante de votre travail, de vos études ou de votre passe-temps ?		0			French			
543eb6b0dc3df3d1e0dc97e8fe9cb11b	67670	spontaneous-speech-fr-67670.mp3	16092	1767	Est-il facile de démarrer une entreprise dans votre pays ?		0			French			
9f2fa8b056f6a9ea26b482e662066df3	68283	spontaneous-speech-fr-68283.mp3	2016	1767	Est-il facile de démarrer une entreprise dans votre pays ?	Il paraît que non.	1			French		7.440476190476191	
05b125967de7adc88ccaf4ae3d0ebdda	79176	spontaneous-speech-fr-79176.mp3	25596	1767	Est-il facile de démarrer une entreprise dans votre pays ?		0			French			
083fcf8cb9c457399752879a043f9f00	72407	spontaneous-speech-fr-72407.mp3	7092	7229	Combien de gauchers connaissez-vous ?		0			French			
c68a599099184795da8fe86d676e40e4	71453	spontaneous-speech-fr-71453.mp3	9720	1757	Quels types de plantes voyez-vous le plus souvent ?	Les plantes que je vois le plus souvent dans la région où j'habite, eh bien c'est les pins, beaucoup de pins.	1			French		9.156378600823045	
047bca920b3e5a7025f9bc4daa580ca3	72738	spontaneous-speech-fr-72738.mp3	6552	1757	Quels types de plantes voyez-vous le plus souvent ?		0			French			
d25c422fab88b14cd0bb56164e33d374	73670	spontaneous-speech-fr-73670.mp3	12600	8684	Quel est votre animal préféré et pourquoi?	Mon animal préféré est le chat. C'est un animal de compagnie qui est bien plus autonome que le chien, qui demande moins d'attention, mais qui est pourtant assez câlin.	0			French		11.031746031746032	
c68a599099184795da8fe86d676e40e4	71475	spontaneous-speech-fr-71475.mp3	14364	7367	Est-ce qu'il fait beau chez vous, aujourd'hui ?		0			French			
31fb59dd5111f04a506e12fc0436eed3	72431	spontaneous-speech-fr-72431.mp3	5652	7367	Est-ce qu'il fait beau chez vous, aujourd'hui ?	Là maintenant, il fait nuit mais aujourd'hui, il a fait très beau.	1			French		9.7310686482661	
05b125967de7adc88ccaf4ae3d0ebdda	79175	spontaneous-speech-fr-79175.mp3	9396	7367	Est-ce qu'il fait beau chez vous, aujourd'hui ?		0			French			
0f1f94f4f6d44180bd3a94c9d9db68da	20301	spontaneous-speech-fr-20301.mp3	19368	1770	Quel métier aimeriez-vous le plus exercer et pourquoi ?	J’aimerais être écrivain pour, euh, pouvoir, euh, éditer, euh, mes histoires et, euh, avoir un travail plus, euh, créatif qui me convient un peu plus.	1			French		6.505576208178438	
de2e528fea6cbe711268ae999e034a40	63499	spontaneous-speech-fr-63499.mp3	8028	1770	Quel métier aimeriez-vous le plus exercer et pourquoi ?	J'ai toujours voulu être pilote d'avion, mais ma vue ne le permettait pas.	1			French		7.722969606377678	
b597fa07c1aa693be6fbb853d062f9d3	71018	spontaneous-speech-fr-71018.mp3	30744	1770	Quel métier aimeriez-vous le plus exercer et pourquoi ?	"Alors un truc qui m'a toujours... qui m'a toujours passionné, c'est le fait de faire des marionnettes pour les films. Un peu comme la Jim Henson company, ou tous les gens qui créent un peu des effets spéciaux pratiques plutôt que des effets visuels. C'est-à-dire vraiment des animatroniques, des, des... tout le côté un peu ""magique"" de donner vie à des personnages et à des créatures à travers de l'ingénierie en fait, ça je trouve ça très impressionnant."	1			French		12.32760863908405	
9f2fa8b056f6a9ea26b482e662066df3	68277	spontaneous-speech-fr-68277.mp3	22140	1764	Quand vous étiez enfant, que vouliez-vous être quand vous seriez grand ?	Je n'ai pas beaucoup de souvenirs de mon enfance ; euh... quand j'étais ado..., plutôt adolescente, je pense que je voulais [toux] faire du théâtre. Oui, assez rapidement j'ai eu envie de faire du théâtre. Je crois que c'est, c'est ça qui me plaisait.	1			French		9.394760614272808	
c68a599099184795da8fe86d676e40e4	71478	spontaneous-speech-fr-71478.mp3	23868	1764	Quand vous étiez enfant, que vouliez-vous être quand vous seriez grand ?		0			French			
b347117ac2ccf1e17a0fdc7550900f09	71751	spontaneous-speech-fr-71751.mp3	5832	1764	Quand vous étiez enfant, que vouliez-vous être quand vous seriez grand ?	Tout petit je rêvais d'être paléontologue.	1			French		6.344307270233196	
083fcf8cb9c457399752879a043f9f00	72397	spontaneous-speech-fr-72397.mp3	14868	1764	Quand vous étiez enfant, que vouliez-vous être quand vous seriez grand ?	Je ne me rappelle plus. Je ne me rappelle plus. Franchement, je ne me rappelle plus. Je voulais être ingénieur je pense parce que j'étais assez doué en maths. Ingénieur ou professeur de philo	1			French		10.626849609900457	
05b125967de7adc88ccaf4ae3d0ebdda	79186	spontaneous-speech-fr-79186.mp3	11124	1734	Pouvez-vous décrire comment préparer votre plat ou repas facile à faire préféré ?		0			French			
47290ed7d505be3f6140c5bc3796ddd0	73041	spontaneous-speech-fr-73041.mp3	20088	7361	Mangez-vous des légumes ? Si oui, lesquels préférez-vous ?		0			French			
282a245ee202ed009931d38006275ce2	78282	spontaneous-speech-fr-78282.mp3	8928	9212	Vous avez essayé d’éteindre avec un extincteur ?		0			French			
083fcf8cb9c457399752879a043f9f00	72381	spontaneous-speech-fr-72381.mp3	8568	7929	Quelle était votre matière préférée à l'école?		0			French			
047bca920b3e5a7025f9bc4daa580ca3	72743	spontaneous-speech-fr-72743.mp3	4500	7929	Quelle était votre matière préférée à l'école?		0			French			
05b125967de7adc88ccaf4ae3d0ebdda	79207	spontaneous-speech-fr-79207.mp3	10692	7929	Quelle était votre matière préférée à l'école?		0			French			
8e8accf41391dafc9940816b3411aa48	78796	spontaneous-speech-fr-78796.mp3	11412	9235	Aimes tu l'odeur de la terre durant les étés pluvieux?		0			French			
05b125967de7adc88ccaf4ae3d0ebdda	79181	spontaneous-speech-fr-79181.mp3	3528	9235	Aimes tu l'odeur de la terre durant les étés pluvieux?		0			French			
9f2fa8b056f6a9ea26b482e662066df3	68304	spontaneous-speech-fr-68304.mp3	10152	1759	Comment prenez-vous soin de votre corps et de votre santé ?	J'ai déjà répondu à cette question. Je fais du sport, en salle, je marche et je fais du vélo dehors.	1			French		7.978723404255319	
083fcf8cb9c457399752879a043f9f00	72382	spontaneous-speech-fr-72382.mp3	20484	1759	Comment prenez-vous soin de votre corps et de votre santé ?		0			French			
05b125967de7adc88ccaf4ae3d0ebdda	79216	spontaneous-speech-fr-79216.mp3	12024	1759	Comment prenez-vous soin de votre corps et de votre santé ?		0			French			
707839be776ea79f79861555dce65367	47367	spontaneous-speech-fr-47367.mp3	12492	1740	Que prendriez-vous avec vous lorsqu'il pleut dehors ?	Quand il pleut j'aime bien prendre un poncho plutôt qu'un parapluie, je trouve ça plus pratique, et des chaussures fermées.	1			French		8.325328210054435	
9f2fa8b056f6a9ea26b482e662066df3	68282	spontaneous-speech-fr-68282.mp3	7524	1740	Que prendriez-vous avec vous lorsqu'il pleut dehors ?	Un parapluie, une casquette de pluie, un imperméable, oui, je pense que c'est tout.	1			French		9.303561935140882	
083fcf8cb9c457399752879a043f9f00	72403	spontaneous-speech-fr-72403.mp3	6696	1740	Que prendriez-vous avec vous lorsqu'il pleut dehors ?		0			French			
4a1178c9d9de5f9734dc3369c7325345	67596	spontaneous-speech-fr-67596.mp3	2736	1793	Quelle chose souhaiteriez-vous faire plus souvent pour rester en bonne santé ?	Faire de la natation	1			French		6.213450292397661	
c68a599099184795da8fe86d676e40e4	71457	spontaneous-speech-fr-71457.mp3	8532	1793	Quelle chose souhaiteriez-vous faire plus souvent pour rester en bonne santé ?	Bien, faire plus de choses que je n'en fais déjà pour rester en bonne santé ça va être pratiquement impossible.	1			French		10.782934833567746	
00f798b2652da1cb5b5cff9fd96b65ea	73137	spontaneous-speech-fr-73137.mp3	3240	1793	Quelle chose souhaiteriez-vous faire plus souvent pour rester en bonne santé ?		0			French			
8e8accf41391dafc9940816b3411aa48	78797	spontaneous-speech-fr-78797.mp3	5760	1793	Quelle chose souhaiteriez-vous faire plus souvent pour rester en bonne santé ?		0			French			
05b125967de7adc88ccaf4ae3d0ebdda	79187	spontaneous-speech-fr-79187.mp3	6552	1793	Quelle chose souhaiteriez-vous faire plus souvent pour rester en bonne santé ?		0			French			
4a1178c9d9de5f9734dc3369c7325345	67595	spontaneous-speech-fr-67595.mp3	11160	1773	Que pensez-vous de la natation ? Pourquoi ?	C'est un sport particulièrement accessible à toute morphologie car on ne ressent plus le poids de son corps	1			French		8.064516129032258	
543eb6b0dc3df3d1e0dc97e8fe9cb11b	67675	spontaneous-speech-fr-67675.mp3	16884	1773	Que pensez-vous de la natation ? Pourquoi ?	J'aime pas forcément le sport en général, je trouve que c'est pas ouf le sport mais euh la natation c'est sympa mais si on enlève le côté sport, j'aime bien aller nager, j'aime bien le côté où t'es dans l'eau, c'est pas désagréable, l'impression de son corps n'est pas désagréable non plus.	1			French		14.155413409144753	
9f2fa8b056f6a9ea26b482e662066df3	68305	spontaneous-speech-fr-68305.mp3	3852	1773	Que pensez-vous de la natation ? Pourquoi ?	Je ne pratique pas la natation, je n'aime pas la piscine.	1			French		12.201453790238837	
c68a599099184795da8fe86d676e40e4	71470	spontaneous-speech-fr-71470.mp3	29952	1773	Que pensez-vous de la natation ? Pourquoi ?	Je pense que la natation est un sport extraordinaire. Quand je le pratique j'ai... ça me vide la tête, ça me rempli les muscles, ça... je sais pas. Et puis être dans l'eau, c'est dans un élément extraordinaire. Peut-être que ça me rappelle quand j'étais dans le ventre de ma mère.  J'en ai pas la moindre idée, faudrait que j'en parle à mon analyste.	1			French		9.54861111111111	
05b125967de7adc88ccaf4ae3d0ebdda	79188	spontaneous-speech-fr-79188.mp3	15156	1773	Que pensez-vous de la natation ? Pourquoi ?		0			French			
c68a599099184795da8fe86d676e40e4	71455	spontaneous-speech-fr-71455.mp3	5652	1782	Comment les écoles et les parents peuvent-ils travailler ensemble pour les enfants ?	Eh bien, n'ayant pas d'enfants, il m'est impossible de répondre à cette question.	1			French		12.208067940552016	
31fb59dd5111f04a506e12fc0436eed3	72430	spontaneous-speech-fr-72430.mp3	17964	1782	Comment les écoles et les parents peuvent-ils travailler ensemble pour les enfants ?	Il y a des associations de parents d'élèves, qui permettent hmmm, eh bien de former des groupes puis de discuter entre les parents ; notamment la FCPE, qui est une association de parents d'élèves auquel j'ai participé.	1			French		10.13137385882877	
70e3a9c4c1850fb80be74fabaf2a40dd	73235	spontaneous-speech-fr-73235.mp3	6228	1782	Comment les écoles et les parents peuvent-ils travailler ensemble pour les enfants ?		0			French			
05b125967de7adc88ccaf4ae3d0ebdda	79218	spontaneous-speech-fr-79218.mp3	8028	9209	Y’a quelqu’un de blessé ?		0			French			
05b125967de7adc88ccaf4ae3d0ebdda	79208	spontaneous-speech-fr-79208.mp3	7524	9198	Dites-moi, la personne est consciente ?		0			French			
de2e528fea6cbe711268ae999e034a40	63504	spontaneous-speech-fr-63504.mp3	6408	1727	Quelle est votre routine de bien-être préférée ? Comment cela vous aide-t-il à rester en bonne santé ?	Joue de la trompette, ça maintient en forme	1			French		5.617977528089887	
9f2fa8b056f6a9ea26b482e662066df3	68279	spontaneous-speech-fr-68279.mp3	22068	1727	Quelle est votre routine de bien-être préférée ? Comment cela vous aide-t-il à rester en bonne santé ?		0			French			
c68a599099184795da8fe86d676e40e4	71458	spontaneous-speech-fr-71458.mp3	8784	1727	Quelle est votre routine de bien-être préférée ? Comment cela vous aide-t-il à rester en bonne santé ?	Ma routine de bien-être préférée? Euh... Faire du sport, du sport et du sport.	1			French		7.399817850637522	
9f2fa8b056f6a9ea26b482e662066df3	68314	spontaneous-speech-fr-68314.mp3	48492	1746	Pourquoi participez-vous au projet Common Voice ?	Voilà enfin une question intéressante. Euh... pourquoi je participe au projet Common Voice ? Je trouve que le projet est intéressant, que c'est dans l'esprit Internet tel que je l'ai connu à ses débuts, c'est-à-dire une forme de bénévolat, euh... je respecte le travail de Mozilla, et oui, je pense qu'il est utile que, que tout cet aspect, que ce soit l'informatique, internet, etc... soit aussi utilisé par des gens qui le font dans un esprit bénévole.	1			French		7.795100222717148	
c68a599099184795da8fe86d676e40e4	71467	spontaneous-speech-fr-71467.mp3	9648	1746	Pourquoi participez-vous au projet Common Voice ?		0			French			
05b125967de7adc88ccaf4ae3d0ebdda	79178	spontaneous-speech-fr-79178.mp3	20880	1746	Pourquoi participez-vous au projet Common Voice ?		0			French			
05b125967de7adc88ccaf4ae3d0ebdda	79213	spontaneous-speech-fr-79213.mp3	7776	7235	Si tu voulais changer quelque chose chez toi ce serait quoi ?		0			French			
9f2fa8b056f6a9ea26b482e662066df3	68301	spontaneous-speech-fr-68301.mp3	23508	1798	Quels vœux avez-vous pour vos enfants ?	J'ai un peu envie de retourner la question. Que veulent des parents pour des enfants si ce n'est leur bonheur, leur réussite et qu'ils puissent vivre en paix dans des climats qui ne soient pas surchauffés ou glaciaux.	1			French		7.656967840735069	
b597fa07c1aa693be6fbb853d062f9d3	71017	spontaneous-speech-fr-71017.mp3	7668	1798	Quels vœux avez-vous pour vos enfants ?		0			French			
083fcf8cb9c457399752879a043f9f00	72380	spontaneous-speech-fr-72380.mp3	16848	1725	Quel est votre métier de rêve ? Quelles tâches aimeriez-vous accomplir et quel type d'environnement de travail préférez-vous ?	Mon métier de rêve serait bibliothécaire scientifique. Et mon environnement de travail préféré c'est la solitude, euh, ou la très petite compagnie.	1			French		7.478632478632479	
8e8accf41391dafc9940816b3411aa48	78788	spontaneous-speech-fr-78788.mp3	10368	1725	Quel est votre métier de rêve ? Quelles tâches aimeriez-vous accomplir et quel type d'environnement de travail préférez-vous ?		0			French			
543eb6b0dc3df3d1e0dc97e8fe9cb11b	67672	spontaneous-speech-fr-67672.mp3	7092	1753	À quoi ressemblent vos vêtements préférés ?	C'est plutôt des références de films, des trucs qui me plaisent, ou des trucs qui me valorisent, des trucs simples, quoi.	1			French		14.241398759165255	
00f798b2652da1cb5b5cff9fd96b65ea	73148	spontaneous-speech-fr-73148.mp3	5436	1753	À quoi ressemblent vos vêtements préférés ?		0			French			
9f2fa8b056f6a9ea26b482e662066df3	68286	spontaneous-speech-fr-68286.mp3	6660	1748	À quoi utilisez-vous le plus souvent la technologie ?	Pour faire des recherches sur internet, des recherches historiques.	1			French		8.85885885885886	
98224ff9c845fcc243ec6f725aaa31f5	72825	spontaneous-speech-fr-72825.mp3	90180	1748	À quoi utilisez-vous le plus souvent la technologie ?		0			French			
47290ed7d505be3f6140c5bc3796ddd0	73040	spontaneous-speech-fr-73040.mp3	16668	1748	À quoi utilisez-vous le plus souvent la technologie ?	J'utilise beaucoup mon téléphone portable. J'utilise pour les réseaux sociaux, j'utilise, euh, pour aller sur mes mails, j'utilise pour enregistrer, pour écouter de la musique. Euh... c'est essentiellement pour ça, pour la musique et le lien avec les autres personnes.	1			French		13.738900887928967	
d489b9df269798d99acc9ccfee11859c	67180	spontaneous-speech-fr-67180.mp3	36792	1750	Quel est votre plus grand espoir pour l'avenir ?	J'aimerai vraiment, vraiment beaucoup qu'il y ait suffisamment de paix et de stabilité politique pour [disfluency] que la société progresse, que nous vivions avec moins de maladies, moins de souffrance, que nous vivions plus proches les uns des autres ; et que dans ce climat de paix et de bonne entente entre les humains, nous puissions faire avancer la connaissance notamment les technologies, heu, jusqu'à découvrir toujours plus de choses sur la nature de l'univers, et de nos existences, et les raisons profondes de pourquoi nous sommes là.	1			French		12.448358338769298	
9f2fa8b056f6a9ea26b482e662066df3	68313	spontaneous-speech-fr-68313.mp3	1908	1750	Quel est votre plus grand espoir pour l'avenir ?		0			French			short-audio
de2e528fea6cbe711268ae999e034a40	63500	spontaneous-speech-fr-63500.mp3	6516	1736	Quelle est votre fête préférée et pourquoi ?	Aucune fête traditionnelle, je préfère les fêtes qui s'improvisent.	1			French		9.05463474524248	
9f2fa8b056f6a9ea26b482e662066df3	68289	spontaneous-speech-fr-68289.mp3	4392	1736	Quelle est votre fête préférée et pourquoi ?	Je n'ai pas de fête préférée, toutes les fêtes sont bien.	1			French		10.70127504553734	
00f798b2652da1cb5b5cff9fd96b65ea	73143	spontaneous-speech-fr-73143.mp3	4896	1736	Quelle est votre fête préférée et pourquoi ?		0			French			
05b125967de7adc88ccaf4ae3d0ebdda	79200	spontaneous-speech-fr-79200.mp3	9792	1736	Quelle est votre fête préférée et pourquoi ?		0			French			
de2e528fea6cbe711268ae999e034a40	63491	spontaneous-speech-fr-63491.mp3	4932	1747	Si vous pouviez apprendre une compétence, que voudriez-vous apprendre ?	Les échecs.	1			French		2.02757502027575	transcription-length
9f2fa8b056f6a9ea26b482e662066df3	68318	spontaneous-speech-fr-68318.mp3	2844	1747	Si vous pouviez apprendre une compétence, que voudriez-vous apprendre ?	Un sport de défense.	1			French		5.977496483825598	
083fcf8cb9c457399752879a043f9f00	72385	spontaneous-speech-fr-72385.mp3	8532	1747	Si vous pouviez apprendre une compétence, que voudriez-vous apprendre ?	Si je pouvais apprendre une compétence maintenant, j'aimerais bien faire de l'ébenisterie.	1			French		9.25925925925926	
98224ff9c845fcc243ec6f725aaa31f5	72823	spontaneous-speech-fr-72823.mp3	58464	1747	Si vous pouviez apprendre une compétence, que voudriez-vous apprendre ?		0			French			
de2e528fea6cbe711268ae999e034a40	63490	spontaneous-speech-fr-63490.mp3	7128	5351	Pouquoi est-ce que vous preferez un chat au lieu de chien?	C'est moins encombrant, et y'a moins de contraintes.	1			French		6.313131313131313	
083fcf8cb9c457399752879a043f9f00	72400	spontaneous-speech-fr-72400.mp3	16092	5351	Pouquoi est-ce que vous preferez un chat au lieu de chien?		0			French			
05b125967de7adc88ccaf4ae3d0ebdda	79215	spontaneous-speech-fr-79215.mp3	5976	5351	Pouquoi est-ce que vous preferez un chat au lieu de chien?		0			French			
083fcf8cb9c457399752879a043f9f00	72387	spontaneous-speech-fr-72387.mp3	33552	8686	Pensez-vous qu'il y a plus de roues ou de portes dans le monde?		0			French			
98224ff9c845fcc243ec6f725aaa31f5	72813	spontaneous-speech-fr-72813.mp3	22068	8686	Pensez-vous qu'il y a plus de roues ou de portes dans le monde?		0			French			
fdcc05442cab430d643b8292355bf16b	72803	spontaneous-speech-fr-72803.mp3	7308	7369	Craignez-vous le changement climatique ?		0			French			
282a245ee202ed009931d38006275ce2	78281	spontaneous-speech-fr-78281.mp3	9288	7369	Craignez-vous le changement climatique ?		0			French			
05b125967de7adc88ccaf4ae3d0ebdda	79201	spontaneous-speech-fr-79201.mp3	12420	7369	Craignez-vous le changement climatique ?		0			French			
d489b9df269798d99acc9ccfee11859c	67172	spontaneous-speech-fr-67172.mp3	13428	1721	Parlez-nous de votre sport préféré et expliquez en quoi il consiste.	Alors, en vrai je n'aime pas beaucoup le sport. Mais je dirais que j'ai très envie d'apprendre à danser. Donc j'aimerais commencer la danse. Et sinon j'aime bien nager, c'est agréable l'été.	1			French		11.840929401251117	
083fcf8cb9c457399752879a043f9f00	72389	spontaneous-speech-fr-72389.mp3	12456	1721	Parlez-nous de votre sport préféré et expliquez en quoi il consiste.	Mon sport préféré, mon unique sport depuis cinquante ans c'est la musculation. Donc ça consiste à travailler sur des appareils pour développer ses muscles.	1			French		10.597302504816955	
05b125967de7adc88ccaf4ae3d0ebdda	79174	spontaneous-speech-fr-79174.mp3	19476	1721	Parlez-nous de votre sport préféré et expliquez en quoi il consiste.		0			French			
d489b9df269798d99acc9ccfee11859c	67178	spontaneous-speech-fr-67178.mp3	33624	1777	À quoi ressemblent les écoles dans votre région ?		0			French			
083fcf8cb9c457399752879a043f9f00	72390	spontaneous-speech-fr-72390.mp3	18072	1724	Quel est votre film, chanson ou livre préféré et pourquoi l'appréciez-vous ?		0			French			
05b125967de7adc88ccaf4ae3d0ebdda	79184	spontaneous-speech-fr-79184.mp3	14148	1724	Quel est votre film, chanson ou livre préféré et pourquoi l'appréciez-vous ?		0			French			
05b125967de7adc88ccaf4ae3d0ebdda	79193	spontaneous-speech-fr-79193.mp3	6516	9211	Est-ce qu’il y a des enfants ou des personnes âgées sur place ?		0			French			
de2e528fea6cbe711268ae999e034a40	63492	spontaneous-speech-fr-63492.mp3	12888	1735	Quelle était votre matière préférée à l'école et pourquoi ?	Les mathématiques, parce que c'est purement théorique et c'est un, uniquement du raisonnement.	1			French		6.362507759155804	
d489b9df269798d99acc9ccfee11859c	67176	spontaneous-speech-fr-67176.mp3	17136	1735	Quelle était votre matière préférée à l'école et pourquoi ?	À l'école j'ai beaucoup aimé la physique chimie, j'aimais beaucoup manipuler [disfluency] le matériel, faire des expériences. Ça m'a beaucoup plu et j'attendais beaucoup cette matière. Mais je pense à l'anglais, j'ai beaucoup aimé les langues.	1			French		12.138188608776845	
9f2fa8b056f6a9ea26b482e662066df3	68288	spontaneous-speech-fr-68288.mp3	21672	1735	Quelle était votre matière préférée à l'école et pourquoi ?		0			French			
c68a599099184795da8fe86d676e40e4	71477	spontaneous-speech-fr-71477.mp3	3924	1735	Quelle était votre matière préférée à l'école et pourquoi ?	Absolument aucune.	1			French		4.332313965341489	
00f798b2652da1cb5b5cff9fd96b65ea	73142	spontaneous-speech-fr-73142.mp3	3348	1735	Quelle était votre matière préférée à l'école et pourquoi ?		0			French			
0f1f94f4f6d44180bd3a94c9d9db68da	20303	spontaneous-speech-fr-20303.mp3	29916	1765	Comment vous détendez-vous et gardez-vous votre esprit en santé ?	en écoutant la musique que j'aime, en faisant un peu de sport, en buvant en compagnie de quelqu'un que j'apprécie, et de façon générale avoir des pensées positives et être optimiste sans perdre trop de temps sur ce qui me chagrine	1			French		6.351116459419709	
de2e528fea6cbe711268ae999e034a40	63501	spontaneous-speech-fr-63501.mp3	5616	1765	Comment vous détendez-vous et gardez-vous votre esprit en santé ?	Je fais du théâtre, et du yoga.	1			French		4.451566951566951	
543eb6b0dc3df3d1e0dc97e8fe9cb11b	67667	spontaneous-speech-fr-67667.mp3	8316	1765	Comment vous détendez-vous et gardez-vous votre esprit en santé ?		0			French			
9f2fa8b056f6a9ea26b482e662066df3	68307	spontaneous-speech-fr-68307.mp3	9036	1765	Comment vous détendez-vous et gardez-vous votre esprit en santé ?	Je vois des amis, je sors, je lis, je fais des recherches, j'écris.	1			French		6.086764054891545	
31fb59dd5111f04a506e12fc0436eed3	72429	spontaneous-speech-fr-72429.mp3	4536	1765	Comment vous détendez-vous et gardez-vous votre esprit en santé ?		0			French			
543eb6b0dc3df3d1e0dc97e8fe9cb11b	67677	spontaneous-speech-fr-67677.mp3	15444	1774	Votre gouvernement dispose-t-il de programmes de protection sociale solides ?	Oui, mais avec le gouvernement Bayrou de moins en moins et il y a toujours une attaque sur la question sociale qui est faite ; heureusement il y a les syndicats, hum, derrière mais c'est... Il y a une attaque en règle en tout cas sur la protection sociale en France.	1			French		13.986013986013985	
9f2fa8b056f6a9ea26b482e662066df3	68293	spontaneous-speech-fr-68293.mp3	1764	1774	Votre gouvernement dispose-t-il de programmes de protection sociale solides ?	Oui !	1			French		2.2675736961451247	short-audio|transcription-length
7dde671dbdb7d6c5d23871c4bd8b38e5	78961	spontaneous-speech-fr-78961.mp3	20520	1774	Votre gouvernement dispose-t-il de programmes de protection sociale solides ?		0			French			
543eb6b0dc3df3d1e0dc97e8fe9cb11b	67669	spontaneous-speech-fr-67669.mp3	10404	1788	Les écoles dans votre pays offrent-elles un soutien pour plusieurs langues ?	Je suis pas sûr de comprendre la question mais j'ai l'impression qu'oui, après c'est, c'est très difficile l'apprentissage des langues en français en général, parce que c'est assez, ouais, c'est plutôt la merde en général.	1			French		18.069973087274125	
8e8accf41391dafc9940816b3411aa48	78791	spontaneous-speech-fr-78791.mp3	9936	1788	Les écoles dans votre pays offrent-elles un soutien pour plusieurs langues ?		0			French			
7dde671dbdb7d6c5d23871c4bd8b38e5	78967	spontaneous-speech-fr-78967.mp3	21528	1788	Les écoles dans votre pays offrent-elles un soutien pour plusieurs langues ?		0			French			
c68a599099184795da8fe86d676e40e4	71472	spontaneous-speech-fr-71472.mp3	42948	1745	Quelle langue parlez-vous et comment les avez-vous apprises ?	Bien je parle le français parce que c'est ma langue maternelle mais j'ai également appris l'anglais pour mes besoins professionnels. Donc j'ai commencé a l'apprendre à 50 ans parce que en fait  tout ce que j'avais appris à l'école, la méthode française est tellement mauvaise que, on ne se rappelle absolument rien. Mais par contre c'est grâce à un professeur hollandais que j'ai appris l'anglais, c'est assez original comme façon de faire mais grâce à lui, je suis relativement fluent in english.	1			French		9.662848095371146	
b172e6982fdcbc5aa264c9661aa9f456	71681	spontaneous-speech-fr-71681.mp3	14724	1737	Quels conseils donneriez-vous à un ami qui attend des nouvelles d'un entretien d'embauche ?		0			French			
721a5ecd0b0131aafc854063b2ca8dc5	72654	spontaneous-speech-fr-72654.mp3	7200	1737	Quels conseils donneriez-vous à un ami qui attend des nouvelles d'un entretien d'embauche ?		0			French			
05b125967de7adc88ccaf4ae3d0ebdda	79203	spontaneous-speech-fr-79203.mp3	11736	1737	Quels conseils donneriez-vous à un ami qui attend des nouvelles d'un entretien d'embauche ?		0			French			
de2e528fea6cbe711268ae999e034a40	63493	spontaneous-speech-fr-63493.mp3	5940	1760	À quelle fréquence utilisez-vous un téléphone portable ?	Plusieurs fois par jour.	1			French		3.535353535353535	
9f2fa8b056f6a9ea26b482e662066df3	68278	spontaneous-speech-fr-68278.mp3	4716	1760	À quelle fréquence utilisez-vous un téléphone portable ?	J'utilise mon téléphone portable tous les jours.	1			French		8.905852417302798	
c68a599099184795da8fe86d676e40e4	71450	spontaneous-speech-fr-71450.mp3	14508	7364	Est-ce que le bruit vous dérange en général ? Si oui, avez-vous trouvé des moyens de vous en protéger ?		0			French			
9f2fa8b056f6a9ea26b482e662066df3	68311	spontaneous-speech-fr-68311.mp3	3636	1768	Quel genre de musique préférez-vous ?	Généralement la musique Métal.	1			French		7.425742574257425	
c68a599099184795da8fe86d676e40e4	71474	spontaneous-speech-fr-71474.mp3	18864	1768	Quel genre de musique préférez-vous ?		0			French			
9f2fa8b056f6a9ea26b482e662066df3	68303	spontaneous-speech-fr-68303.mp3	44460	1807	Préférez-vous lire sur une liseuse (ebook) ou sur un livre physique ? Pourquoi ?	Alors sur la lecture, euh, j'aime bien les deux, je les trouve complémentaires. La liseuse présente l'intérêt qu'on peut très rapidement faire une recherche avec une chaîne de caractères. La liseuse présente aussi l'avantage de pouv, quand on se déplace de pouvoir emporter des centaines de livres dans une seule liseuse... euh... le livre physique est... c'est le confort, c'est plus agréable d'aller se poser à la terrasse d'un café avec un... un livre physique.	1			French		8.771929824561404	
47290ed7d505be3f6140c5bc3796ddd0	73042	spontaneous-speech-fr-73042.mp3	18396	1807	Préférez-vous lire sur une liseuse (ebook) ou sur un livre physique ? Pourquoi ?		0			French			
00f798b2652da1cb5b5cff9fd96b65ea	73140	spontaneous-speech-fr-73140.mp3	6372	1807	Préférez-vous lire sur une liseuse (ebook) ou sur un livre physique ? Pourquoi ?		0			French			
9f2fa8b056f6a9ea26b482e662066df3	68285	spontaneous-speech-fr-68285.mp3	5292	1781	Qui s'occupe des femmes enceintes dans votre communauté ?	Les médecins, les gynécologues, les sages-femmes.	1			French		8.314436885865458	
8e8accf41391dafc9940816b3411aa48	78795	spontaneous-speech-fr-78795.mp3	4176	1781	Qui s'occupe des femmes enceintes dans votre communauté ?	C'est la famille en général, ou alors la clinique.	1			French		10.057471264367816	
de2e528fea6cbe711268ae999e034a40	63494	spontaneous-speech-fr-63494.mp3	4680	1771	Pourquoi est-il important de se laver les mains régulièrement ?	Pour des raisons sanitaires.	1			French		5.341880341880342	
9f2fa8b056f6a9ea26b482e662066df3	68315	spontaneous-speech-fr-68315.mp3	29124	1771	Pourquoi est-il important de se laver les mains régulièrement ?	Se laver les mains régulièrement. La réponse, pourquoi ? La réponse paraît évidente : C'est par hygiène. Si on prend en particulier les transports en commun, qu'on va dans des lieux très fréquentés, on risque d'attraper des bactéries, des virus etc... et de les ingérer si on ne se lave pas les mains.	1			French		8.549649773382777	
c68a599099184795da8fe86d676e40e4	71459	spontaneous-speech-fr-71459.mp3	14472	1771	Pourquoi est-il important de se laver les mains régulièrement ?		0			French			
9f2fa8b056f6a9ea26b482e662066df3	68276	spontaneous-speech-fr-68276.mp3	32220	1739	Quels conseils donneriez-vous à un ami qui a le mal du pays ?	Je... je crois que je commencerais par lui dire de rentrer chez lui. S'il a le mal du pays, c'est quand même le plus simple. Ensuite, heu, je sais pas. Je sais pas. Peut-être que, heu, oui, beh regard... contacter ses... ses amis, sa famille, heu, faire des visio-conférences, les appeler au téléphone, enfin rien d'original. Je vois pas ce qu'on peut faire.	1			French		9.186840471756673	
00f798b2652da1cb5b5cff9fd96b65ea	73135	spontaneous-speech-fr-73135.mp3	3816	1739	Quels conseils donneriez-vous à un ami qui a le mal du pays ?		0			French			
7dde671dbdb7d6c5d23871c4bd8b38e5	78957	spontaneous-speech-fr-78957.mp3	37692	1739	Quels conseils donneriez-vous à un ami qui a le mal du pays ?		0			French			
083fcf8cb9c457399752879a043f9f00	72394	spontaneous-speech-fr-72394.mp3	7704	1790	Racontez-moi la première fois que vous avez eu votre téléphone portable.		0			French			
282a245ee202ed009931d38006275ce2	78284	spontaneous-speech-fr-78284.mp3	11232	1790	Racontez-moi la première fois que vous avez eu votre téléphone portable.		0			French			
05b125967de7adc88ccaf4ae3d0ebdda	79196	spontaneous-speech-fr-79196.mp3	8064	1790	Racontez-moi la première fois que vous avez eu votre téléphone portable.		0			French			
de2e528fea6cbe711268ae999e034a40	63503	spontaneous-speech-fr-63503.mp3	12096	1772	Comment les gens votent-ils dans votre pays ?	Trop de gens s'abstiennent et ne vont pas voter. Sinon ils votent euh, en alternance, en général. Droite ou gauche.	1			French		7.936507936507937	
05b125967de7adc88ccaf4ae3d0ebdda	79194	spontaneous-speech-fr-79194.mp3	4752	1772	Comment les gens votent-ils dans votre pays ?		0			French			
9f2fa8b056f6a9ea26b482e662066df3	68306	spontaneous-speech-fr-68306.mp3	2880	1796	Conduisez-vous des véhicules ?	Oui, une voiture.	1			French		5.208333333333334	
b597fa07c1aa693be6fbb853d062f9d3	71024	spontaneous-speech-fr-71024.mp3	4140	1796	Conduisez-vous des véhicules ?		0			French			
083fcf8cb9c457399752879a043f9f00	72398	spontaneous-speech-fr-72398.mp3	7668	1796	Conduisez-vous des véhicules ?		0			French			
047bca920b3e5a7025f9bc4daa580ca3	72780	spontaneous-speech-fr-72780.mp3	4572	1796	Conduisez-vous des véhicules ?		0			French			
05b125967de7adc88ccaf4ae3d0ebdda	79179	spontaneous-speech-fr-79179.mp3	7308	1796	Conduisez-vous des véhicules ?		0			French			
9f2fa8b056f6a9ea26b482e662066df3	68302	spontaneous-speech-fr-68302.mp3	7056	1726	Quel est votre rapport à la lecture et pourquoi ?	Mon rapport à la lecture est très amical ! Pourquoi ? J'en sais rien, c'est comme ça.	1			French		9.77891156462585	
047bca920b3e5a7025f9bc4daa580ca3	72732	spontaneous-speech-fr-72732.mp3	5544	1726	Quel est votre rapport à la lecture et pourquoi ?		0			French			
05b125967de7adc88ccaf4ae3d0ebdda	79177	spontaneous-speech-fr-79177.mp3	11880	1726	Quel est votre rapport à la lecture et pourquoi ?		0			French			
0f1f94f4f6d44180bd3a94c9d9db68da	20302	spontaneous-speech-fr-20302.mp3	27756	1810	Où serait votre lieu de vacances idéal ?	Ce serait où il fait pas trop chaud ou pas trop froid. Où je ne dois pas me faire à manger. Et où il y a du silence. Et que ce soit calme, avec de beaux paysages mais pas trop isolé non plus.	1			French		5.368208675601672	
d489b9df269798d99acc9ccfee11859c	67173	spontaneous-speech-fr-67173.mp3	22104	1810	Où serait votre lieu de vacances idéal ?	Pour moi, le lieu de vacances idéal, c’est un endroit où je n'ai pas besoin de trop de préparation pour y aller. Euh, mais j'aime beaucoup les destinations exotiques. J’aime voir des paysages différents de la France, et j’ai beaucoup aimé aller au Japon, par exemple.	1			French		10.04343105320304	
9f2fa8b056f6a9ea26b482e662066df3	68332	spontaneous-speech-fr-68332.mp3	5940	1810	Où serait votre lieu de vacances idéal ?	Mon lieu de vacances idéal c'est le bord de mer.	1			French		6.565656565656565	
707839be776ea79f79861555dce65367	72026	spontaneous-speech-fr-72026.mp3	3744	1810	Où serait votre lieu de vacances idéal ?		0			French			
05b125967de7adc88ccaf4ae3d0ebdda	79195	spontaneous-speech-fr-79195.mp3	14904	1810	Où serait votre lieu de vacances idéal ?		0			French			
d489b9df269798d99acc9ccfee11859c	67184	spontaneous-speech-fr-67184.mp3	26100	1808	À quoi ressemblent les nuages là où vous habitez ?	Alors, je ne prends pas beaucoup le temps de regarder le ciel, mais quand je le fais, euh, soit le ciel est couvert de brouillard et il y a des nuages partout, auquel cas tout est gris, ou parfois les nuages prennent des formes, euh, rondes, ellipsoïdales, euhm, et parfois ils font des petites taches, voilà, comme les, les champs.	1			French		10.459770114942527	
b597fa07c1aa693be6fbb853d062f9d3	71023	spontaneous-speech-fr-71023.mp3	17964	1808	À quoi ressemblent les nuages là où vous habitez ?		0			French			
7dde671dbdb7d6c5d23871c4bd8b38e5	78954	spontaneous-speech-fr-78954.mp3	19836	1808	À quoi ressemblent les nuages là où vous habitez ?		0			French			
05b125967de7adc88ccaf4ae3d0ebdda	79206	spontaneous-speech-fr-79206.mp3	9144	1808	À quoi ressemblent les nuages là où vous habitez ?		0			French			
05b125967de7adc88ccaf4ae3d0ebdda	79210	spontaneous-speech-fr-79210.mp3	10764	9214	Vous voyez encore de la fumée sortir ?		0			French			
707839be776ea79f79861555dce65367	47368	spontaneous-speech-fr-47368.mp3	19800	1795	Quels sports trouvez-vous amusants à regarder ?	J’aime bien regarder les concours d’entrainement de chiens où ils doivent faire des parcours d’obstacles. Quand ils y arrivent bien c’est très impressionnant mais c’est aussi très drôle de regarder ceux qui n’y arrivent pas bien et qui s’arrêtent au milieu du parcours pour regarder la foule ou pour revenir vers leur maitre.	1			French		13.787878787878787	
048a9cd7eb72063944163e97834bcaa5	71447	spontaneous-speech-fr-71447.mp3	3708	1795	Quels sports trouvez-vous amusants à regarder ?		0			French			
8e8accf41391dafc9940816b3411aa48	78803	spontaneous-speech-fr-78803.mp3	6516	1795	Quels sports trouvez-vous amusants à regarder ?		0			French			
7dde671dbdb7d6c5d23871c4bd8b38e5	78955	spontaneous-speech-fr-78955.mp3	26280	1795	Quels sports trouvez-vous amusants à regarder ?		0			French			
3e1919c5aa8af37115551b83405ddd39	63134	spontaneous-speech-fr-63134.mp3	15804	1722	Pouvez-vous décrire comment préparer votre plat ou repas préféré facile à réaliser ?	Alors, mon repas préféré facile à réaliser, c'est les wrap aux légumes : suffit de prendre un wrap ou une euh, une galette de blé, de mettre du houmous, des concombres, des cornichons, un peu de fromage et, euh, et voilà c'est très bon.	1			French		12.212098202986585	
3e1919c5aa8af37115551b83405ddd39	63135	spontaneous-speech-fr-63135.mp3	20736	1791	Connaissez-vous des noms d'étoiles et de constellations ?	Ben, en terme de constellations, j'connais que la grande ourse, je pense, parce que elle a une forme caractéristique qu'on apprend quand on est petit. Les autres j'dois connaître leur nom, Andromède, j'sais pas quoi, mais, euh, après le nom des étoiles, ben non, j'les connais pas non plus, je sais qu'il y a les planètes mais j'sais pas où elles sont.	1			French		14.033564814814815	
de2e528fea6cbe711268ae999e034a40	63495	spontaneous-speech-fr-63495.mp3	5976	1791	Connaissez-vous des noms d'étoiles et de constellations ?	Au moins une : Proxima du Centaure.	1			French		4.852744310575636	
c63ae9fdb337e4aae03c7e354356648c	72837	spontaneous-speech-fr-72837.mp3	34668	1791	Connaissez-vous des noms d'étoiles et de constellations ?		0			French			
282a245ee202ed009931d38006275ce2	78280	spontaneous-speech-fr-78280.mp3	4248	1791	Connaissez-vous des noms d'étoiles et de constellations ?		0			French			
8e8accf41391dafc9940816b3411aa48	78793	spontaneous-speech-fr-78793.mp3	11880	1791	Connaissez-vous des noms d'étoiles et de constellations ?		0			French			
8e8accf41391dafc9940816b3411aa48	78792	spontaneous-speech-fr-78792.mp3	8892	7368	Respectez-vous les règles de la diététique concernant les aliments gras ou sucrés ?		0			French			
c68a599099184795da8fe86d676e40e4	71456	spontaneous-speech-fr-71456.mp3	15228	7927	Quel est votre animal préféré, et pourquoi?	Mon animal favori, hé bien, est le chien parce que il n'est pas rancunier, nous aime toujours, est d'une fidélité totale contrairement à beaucoup d'humains.	1			French		8.668242710795903	
083fcf8cb9c457399752879a043f9f00	72406	spontaneous-speech-fr-72406.mp3	11916	7927	Quel est votre animal préféré, et pourquoi?		0			French			
9f2fa8b056f6a9ea26b482e662066df3	68333	spontaneous-speech-fr-68333.mp3	6588	7228	Quel temps fait-il ?	Il pleut. Toute la journée les nuages ont alterné et avec les rayons de soleil.	1			French		9.866423800850031	
048a9cd7eb72063944163e97834bcaa5	71446	spontaneous-speech-fr-71446.mp3	8856	7228	Quel temps fait-il ?		0			French			
98224ff9c845fcc243ec6f725aaa31f5	72826	spontaneous-speech-fr-72826.mp3	17748	7228	Quel temps fait-il ?		0			French			
c68a599099184795da8fe86d676e40e4	71466	spontaneous-speech-fr-71466.mp3	10404	7370	Avez-vous, généralement, un bon sommeil ? Combien d'heures dormez-vous par nuit ?		0			French			
083fcf8cb9c457399752879a043f9f00	72404	spontaneous-speech-fr-72404.mp3	22896	7370	Avez-vous, généralement, un bon sommeil ? Combien d'heures dormez-vous par nuit ?		0			French			
8e8accf41391dafc9940816b3411aa48	78801	spontaneous-speech-fr-78801.mp3	4968	7370	Avez-vous, généralement, un bon sommeil ? Combien d'heures dormez-vous par nuit ?		0			French			
05b125967de7adc88ccaf4ae3d0ebdda	79209	spontaneous-speech-fr-79209.mp3	10152	7370	Avez-vous, généralement, un bon sommeil ? Combien d'heures dormez-vous par nuit ?		0			French			
543eb6b0dc3df3d1e0dc97e8fe9cb11b	67673	spontaneous-speech-fr-67673.mp3	16272	1778	Que pensez-vous des longues promenades ? Pourquoi ?		0			French			
083fcf8cb9c457399752879a043f9f00	72402	spontaneous-speech-fr-72402.mp3	15048	1778	Que pensez-vous des longues promenades ? Pourquoi ?		0			French			
282a245ee202ed009931d38006275ce2	78283	spontaneous-speech-fr-78283.mp3	17172	1778	Que pensez-vous des longues promenades ? Pourquoi ?		0			French			
7dde671dbdb7d6c5d23871c4bd8b38e5	78962	spontaneous-speech-fr-78962.mp3	63036	1778	Que pensez-vous des longues promenades ? Pourquoi ?		0			French			
0f1f94f4f6d44180bd3a94c9d9db68da	20304	spontaneous-speech-fr-20304.mp3	15876	1805	À qui demandez-vous si vous avez une question sur un problème de santé ?	De façon générale je peux demander à ma famille, au pharmacien et bien évidemment au médecin généraliste ou spécialiste selon les cas.	1			French		7.117661879566642	
4a1178c9d9de5f9734dc3369c7325345	67594	spontaneous-speech-fr-67594.mp3	2916	1805	À qui demandez-vous si vous avez une question sur un problème de santé ?	Un bon médecin.	1			French		4.458161865569273	
9f2fa8b056f6a9ea26b482e662066df3	68308	spontaneous-speech-fr-68308.mp3	1620	1805	À qui demandez-vous si vous avez une question sur un problème de santé ?		0			French			short-audio
00f798b2652da1cb5b5cff9fd96b65ea	73134	spontaneous-speech-fr-73134.mp3	2628	1805	À qui demandez-vous si vous avez une question sur un problème de santé ?		0			French			
b597fa07c1aa693be6fbb853d062f9d3	71022	spontaneous-speech-fr-71022.mp3	23400	7362	Prenez-vous des vacances ? Si oui, préférez-vous quitter votre région ou y rester ?	J'prends pas souvent de vacances mais, quand je prends des vacances, j'aime bien aller rendre visite à des amis en ligne. En fait, j'aime pas l'idée de voyager juste pour voyager. Heu, je suis pas particulièrement intéressé par l'idée de faire du tourisme ou d'aller dans des lieux juste de par leur attractivité touristique. Ce qui m'intéresse  surtout c'est d'aller voir des gents. Et vu que j'ai beaucoup d'amis d'internet qui habitent un petit peu partout j'aime bien l'idée d'aller les voir.	1			French		17.69230769230769	
083fcf8cb9c457399752879a043f9f00	72392	spontaneous-speech-fr-72392.mp3	16236	7362	Prenez-vous des vacances ? Si oui, préférez-vous quitter votre région ou y rester ?	Comme je suis retraité, je ne prends plus beaucoup de vacances. Mais, euh... sinon, je... quand je prends des vacances, c'est plutôt, euh... euh... pour aller en Espagne.	1			French		8.807588075880759	
083fcf8cb9c457399752879a043f9f00	72405	spontaneous-speech-fr-72405.mp3	12492	8685	Pourquoi avez-vous choisi l'endroit où vous habitez actuellement?		0			French			
7dde671dbdb7d6c5d23871c4bd8b38e5	78963	spontaneous-speech-fr-78963.mp3	34704	8685	Pourquoi avez-vous choisi l'endroit où vous habitez actuellement?		0			French			
d489b9df269798d99acc9ccfee11859c	67182	spontaneous-speech-fr-67182.mp3	16848	1809	Quels vêtements aimez-vous porter ?	Je me rends compte que j'aime porter des vêtements, plutôt avec des couleurs claires voire blanc, ce qui n'a pas toujours été le cas. Et quand il fait bon dehors, quand il fait chaud, j'aime porter des vêtement plus légers, plus courts.	1			French		11.574074074074074	
4a1178c9d9de5f9734dc3369c7325345	67583	spontaneous-speech-fr-67583.mp3	2916	1809	Quels vêtements aimez-vous porter ?	J'adore porter des t-shirt	1			French		7.887517146776406	
083fcf8cb9c457399752879a043f9f00	72388	spontaneous-speech-fr-72388.mp3	6372	1809	Quels vêtements aimez-vous porter ?	...porte des vêtements, euh, casual. Voilà.	1			French		5.963590709353421	
00f798b2652da1cb5b5cff9fd96b65ea	73149	spontaneous-speech-fr-73149.mp3	2160	1809	Quels vêtements aimez-vous porter ?	Oh, c'est trahir.	1			French		6.944444444444444	
05b125967de7adc88ccaf4ae3d0ebdda	79173	spontaneous-speech-fr-79173.mp3	12780	1809	Quels vêtements aimez-vous porter ?		0			French			
05b125967de7adc88ccaf4ae3d0ebdda	79199	spontaneous-speech-fr-79199.mp3	5724	9215	Je reste en ligne avec vous, d’accord ?		0			French			
543eb6b0dc3df3d1e0dc97e8fe9cb11b	67676	spontaneous-speech-fr-67676.mp3	19980	1731	Si vous pouviez avoir n'importe quel super pouvoir, lequel choisiriez-vous et pourquoi ?	Si je pouvais avoir n'importe quel super-pouvroir lequel je choisirais? Pfff... Choix difficile... Ca dépend ce qu'on appelle un super-pouvoir mais... je dirais celui de faire que les gens aillent mieux, ou aient plus d'empathie, en tout cas y ressentent plus jamais de souffrance.	1			French		11.911911911911911	
9f2fa8b056f6a9ea26b482e662066df3	68299	spontaneous-speech-fr-68299.mp3	5076	1731	Si vous pouviez avoir n'importe quel super pouvoir, lequel choisiriez-vous et pourquoi ?	Je n'ai pas besoin de super pouvoirs. Je ne vois pas à quoi ça servirait.	1			French		11.623325453112686	
b597fa07c1aa693be6fbb853d062f9d3	71016	spontaneous-speech-fr-71016.mp3	52164	1731	Si vous pouviez avoir n'importe quel super pouvoir, lequel choisiriez-vous et pourquoi ?	La métamorphose, absolument ! Parce que du coup ça veut dire que si t'es métamorphe tu peux devenir ce que tu veux. Tu peux te transformer en ce que tu veux. Tu peux te faire passer pour n'importe qui. Tu peux, du coup, aller partout  vu que tu peux te faire passer pour n'importe qui. Heu, et surtout tu peux faire des costumes d’Halloween absolument incroyables. Tu peux faire du cosplay absolument incroyables. Tu peux devenir acteur et devenir riche en, du coup, te transformant en créature et en jouant dans des films en tant que créature ce qui fera économiser  beaucoup de budget d'effets spéciaux à beaucoup de gents. Ou, au contraire, tu peux même devenir modèle pour des gents qui font des effets spéciaux. Tu peux jouer les personnages que tu veux, tu peux... même imaginons ça pour le cul, quoi ? Ce serait incroyable !	1			French		13.074150755310175	
98224ff9c845fcc243ec6f725aaa31f5	72822	spontaneous-speech-fr-72822.mp3	25992	1731	Si vous pouviez avoir n'importe quel super pouvoir, lequel choisiriez-vous et pourquoi ?		0			French			
8e8accf41391dafc9940816b3411aa48	78789	spontaneous-speech-fr-78789.mp3	3204	9202	Elle bouge un peu ou pas du tout ?	Elle ne bouge pas du tout.	1			French		6.5543071161048685	
9f2fa8b056f6a9ea26b482e662066df3	68300	spontaneous-speech-fr-68300.mp3	17676	1802	Quelles technologies vous inquiètent ?	Votre question part du principe que des technil technologies m'inquiètent, euh... mais aucune technologie en soi ne m'inquiète, c'est l'utilisation qui en est faite, on peut dire que ce sont plutôt les humains qui m'inquiètent, plus que les technologies.	1			French		12.219959266802443	
c68a599099184795da8fe86d676e40e4	71464	spontaneous-speech-fr-71464.mp3	8532	1802	Quelles technologies vous inquiètent ?	Technologie qui m'inquiète, l'intelligence artificielle. Mal employée.	1			French		7.501172058134084	
05b125967de7adc88ccaf4ae3d0ebdda	79190	spontaneous-speech-fr-79190.mp3	11124	1802	Quelles technologies vous inquiètent ?		0			French			
8e8accf41391dafc9940816b3411aa48	78790	spontaneous-speech-fr-78790.mp3	3924	9213	Vous pouvez me dire depuis combien de temps ça brûle ?	Ca brûle depuis une heure et demie.	1			French		7.390417940876657	
c68a599099184795da8fe86d676e40e4	71469	spontaneous-speech-fr-71469.mp3	17064	7366	Aimez-vous chanter ? Si oui, quel genre de chansons ?	Malheureusement je suis incapable de chanter sans provoquer une hilarité générale. Donc je préfère m'abstenir. Sinon ce serait le blues, j'adore le blues; ou de l'opéra.	1			French		8.438818565400844	
047bca920b3e5a7025f9bc4daa580ca3	72726	spontaneous-speech-fr-72726.mp3	4572	7366	Aimez-vous chanter ? Si oui, quel genre de chansons ?		0			French			
8e8accf41391dafc9940816b3411aa48	78799	spontaneous-speech-fr-78799.mp3	6372	7366	Aimez-vous chanter ? Si oui, quel genre de chansons ?		0			French			
4a1178c9d9de5f9734dc3369c7325345	67586	spontaneous-speech-fr-67586.mp3	2628	1804	Quelle est votre fête ou célébration idéale ?	La vie est une fête	1			French		5.707762557077626	
9f2fa8b056f6a9ea26b482e662066df3	68291	spontaneous-speech-fr-68291.mp3	6336	1804	Quelle est votre fête ou célébration idéale ?	Je n'ai pas de fête, de célébration idéale. Comme je l'ai déjà dit, pour moi, elles sont toutes bien.	1			French		13.099747474747474	
3e1919c5aa8af37115551b83405ddd39	63136	spontaneous-speech-fr-63136.mp3	7200	1743	Quand vous étiez enfant, quel métier rêviez-vous de faire en grandissant ?	(A)lors quand j'étais petit moi je voulais faire garde-forestier pour protéger les forêts.	1			French		10.833333333333334	
de2e528fea6cbe711268ae999e034a40	63502	spontaneous-speech-fr-63502.mp3	4140	1743	Quand vous étiez enfant, quel métier rêviez-vous de faire en grandissant ?	Pilote d'avion	1			French		3.140096618357488	
543eb6b0dc3df3d1e0dc97e8fe9cb11b	67682	spontaneous-speech-fr-67682.mp3	10656	1743	Quand vous étiez enfant, quel métier rêviez-vous de faire en grandissant ?	Quand j'étais gamin j'ai voulu faire au départ policier et avant je voulais être humoriste. Et maintenant, j'ai voulu faire informaticien et je le suis aujourd'hui donc c'est plutôt chouette !	1			French		15.202702702702702	
707839be776ea79f79861555dce65367	72043	spontaneous-speech-fr-72043.mp3	4572	1743	Quand vous étiez enfant, quel métier rêviez-vous de faire en grandissant ?		0			French			
8e8accf41391dafc9940816b3411aa48	78800	spontaneous-speech-fr-78800.mp3	6804	1743	Quand vous étiez enfant, quel métier rêviez-vous de faire en grandissant ?		0			French			
0f1f94f4f6d44180bd3a94c9d9db68da	20306	spontaneous-speech-fr-20306.mp3	78408	1738	Décrivez comment prendre rendez-vous chez le médecin dans votre pays.	Prendre rendez-vous chez le médecin dans dans, dans mon pays, c'est, très, euh, simple, parce qu'on utilise une plateforme qui s'appelle Doctolib où il y a un grand nombre de médecins qui, euh, sont recensés et qui met à disposition leur planning et leur prise de rendez-vous qui devient automatique. Néanmoins, il y a des spécialistes surtout qui, euhh, ou d'autres aussi généralistes peut-être, qui sont pas sur Doctolib, et  cela devient plus problématique, parce que on perd beaucoup de temps à récupérer les coordonnées, à appeler et à rester en ligne, à trouver une personne qui décroche de l'autre côté et, euh, perdre beaucoup de temps à essayer de convenir d'un horaire sans avoir un support visuel, donc on fait à l'ancienne avec des horaires, on regarde son agenda. Et principalement, oui, ce qu'on peut faire sur Doctolib, en deux minutes, ça devient, euh,  plus ou moins une tâche qui peut prendre, euh, euh, 30 à 40 minutes.	1			French		9.922456892153862	
9f2fa8b056f6a9ea26b482e662066df3	68280	spontaneous-speech-fr-68280.mp3	25848	1738	Décrivez comment prendre rendez-vous chez le médecin dans votre pays.	En France, pour prendre rendez-vous chez le médecin, on peut l'appeler, appeler directement son secrétariat médical ou passer par internet, certains sites proposent ce service si le médecin est adhérent, et, et voilà, on peut prendre rendez-vous par, par internet.	1			French		8.70473537604457	
05b125967de7adc88ccaf4ae3d0ebdda	79211	spontaneous-speech-fr-79211.mp3	20376	1738	Décrivez comment prendre rendez-vous chez le médecin dans votre pays.		0			French			
d489b9df269798d99acc9ccfee11859c	67179	spontaneous-speech-fr-67179.mp3	22032	1792	Qu'est-ce que vous aimez chez votre partenaire, époux(se) ou meilleur(e) ami(e) ?	Ce que j’aime chez mon copain, c’est l'écoute, le fait que quoi que je dise, il l'écoute et il comprend, et quand il a du mal à comprendre, il fait l'effort de comprendre. Donc de chercher pourquoi c’est important pour moi, et comment nous allons pouvoir vivre bien ensemble.	1			French		10.30319535221496	
00f798b2652da1cb5b5cff9fd96b65ea	73138	spontaneous-speech-fr-73138.mp3	3240	1792	Qu'est-ce que vous aimez chez votre partenaire, époux(se) ou meilleur(e) ami(e) ?		0			French			
9f2fa8b056f6a9ea26b482e662066df3	68297	spontaneous-speech-fr-68297.mp3	35928	1800	Que pensez-vous des tests scolaires pour les jeunes enfants ?	Je ne sais pas, je ne suis pas compétente; je suppose qu'il y a des côtés positifs pour détecter des manques chez les enfants ; d'un autre côté, il ne faudrait pas que ce soit contraignant et que cela détermine l'avenir de certains enfants qui peuvent avoir un rythme différent et se révéler plus tard, même s'ils ne réussissent pas aux tests scolaires quand ils sont petits.	1			French		8.60053440213761	
98224ff9c845fcc243ec6f725aaa31f5	72814	spontaneous-speech-fr-72814.mp3	13428	1800	Que pensez-vous des tests scolaires pour les jeunes enfants ?		0			French			
282a245ee202ed009931d38006275ce2	78279	spontaneous-speech-fr-78279.mp3	12744	1800	Que pensez-vous des tests scolaires pour les jeunes enfants ?		0			French			
d489b9df269798d99acc9ccfee11859c	67181	spontaneous-speech-fr-67181.mp3	30996	1775	Qui est votre musicien, chanteur ou auteur-compositeur préféré ?	Alors c'est très de niche, c'est très spécifique  mais, les chansons du groupe Helium Vola, qui est je crois un groupe allemand, en tout cas avec une chanteuse, un chanteur et des instrumentistes, je ne sais pas comment dire.  Leurs chansons, que j'ai découvertes à l'adolescence me suivent encore aujourd'hui et sont vaiment, pas forcément les plus belles chansons du monde ou les meilleures chansons du monde, mais vraiment quelque chose que je ne pourrais pas me passer.	1			French		12.711317589366368	
3e1919c5aa8af37115551b83405ddd39	63132	spontaneous-speech-fr-63132.mp3	17784	1763	Quel est le climat là où vous habitez ? Avez-vous des saisons ?	Chez moi, c'est un climat océanique.  Donc il y a quatre saisons, l'hiver, le printemps, l'été, automne.  Comme dans toute l'Europe, je crois.	1			French		6.635177687809267	
d489b9df269798d99acc9ccfee11859c	67177	spontaneous-speech-fr-67177.mp3	24588	1763	Quel est le climat là où vous habitez ? Avez-vous des saisons ?		0			French			
9f2fa8b056f6a9ea26b482e662066df3	68290	spontaneous-speech-fr-68290.mp3	8928	1763	Quel est le climat là où vous habitez ? Avez-vous des saisons ?	Le climat où j'habite est océanique et nous avons des saisons, nous avons les quatre saisons, comme beaucoup de gens.	1			French		10.976702508960573	
1d7e88031c85e795efa0e5238f2ad631	63070	spontaneous-speech-fr-63070.mp3	6840	1783	Préférez-vous être à l'intérieur ou à l'extérieur ? Pourquoi ?	Je suis à l'intérieur, car je suis dans une pièce entourée de quatre murs.	1			French		8.91812865497076	
9f2fa8b056f6a9ea26b482e662066df3	68335	spontaneous-speech-fr-68335.mp3	6408	1783	Préférez-vous être à l'intérieur ou à l'extérieur ? Pourquoi ?		0			French			
c68a599099184795da8fe86d676e40e4	71454	spontaneous-speech-fr-71454.mp3	9864	1783	Préférez-vous être à l'intérieur ou à l'extérieur ? Pourquoi ?		0			French			
7dde671dbdb7d6c5d23871c4bd8b38e5	78960	spontaneous-speech-fr-78960.mp3	23328	1783	Préférez-vous être à l'intérieur ou à l'extérieur ? Pourquoi ?		0			French			
4a1178c9d9de5f9734dc3369c7325345	67590	spontaneous-speech-fr-67590.mp3	9216	1766	Les gens de différents âges utilisent-ils la technologie de manière différente ?		0			French			
9f2fa8b056f6a9ea26b482e662066df3	68287	spontaneous-speech-fr-68287.mp3	3744	1766	Les gens de différents âges utilisent-ils la technologie de manière différente ?	Il paraît, oui, mais je ne me sens pas concernée.	1			French		10.683760683760683	
721a5ecd0b0131aafc854063b2ca8dc5	71482	spontaneous-speech-fr-71482.mp3	4824	1766	Les gens de différents âges utilisent-ils la technologie de manière différente ?	Chacun, à son âge, utilise la technologie à sa manière.	1			French		9.535655058043117	
083fcf8cb9c457399752879a043f9f00	72384	spontaneous-speech-fr-72384.mp3	63972	1766	Les gens de différents âges utilisent-ils la technologie de manière différente ?		0			French			
282a245ee202ed009931d38006275ce2	78276	spontaneous-speech-fr-78276.mp3	21744	1766	Les gens de différents âges utilisent-ils la technologie de manière différente ?		0			French			
df430acd0c4e8fab82e4794891b23ae7	20300	spontaneous-speech-fr-20300.mp3	22428	1779	Quelles sont vos préoccupations concernant les téléphones portables ?	Ma préoccupation, c'est qu'on devient trop dépendant des téléphones portables, rien que pour les tâches les plus simples et du quotidien. Personnellement, je deviens dépendant dans plusieurs occasions.	1			French		7.758159443552701	
543eb6b0dc3df3d1e0dc97e8fe9cb11b	67671	spontaneous-speech-fr-67671.mp3	12996	1779	Quelles sont vos préoccupations concernant les téléphones portables ?		0			French			
9f2fa8b056f6a9ea26b482e662066df3	68281	spontaneous-speech-fr-68281.mp3	18036	1779	Quelles sont vos préoccupations concernant les téléphones portables ?	Ma grande préoccupation pour mon téléphone portable, c'est de ne pas le perdre et puis sinon, euh, les applications qu'on y installe et dont on ne sait pas jusqu'où la confidentialité est respectée.	1			French		9.20381459303615	
721a5ecd0b0131aafc854063b2ca8dc5	71481	spontaneous-speech-fr-71481.mp3	2736	1779	Quelles sont vos préoccupations concernant les téléphones portables ?	J'utilise très peu le mien.	1			French		8.40643274853801	
c68a599099184795da8fe86d676e40e4	71452	spontaneous-speech-fr-71452.mp3	4536	1803	Pourquoi pensez-vous que le ciel est bleu ?	Franchement, aucune idée.	1			French		5.070546737213403	
05b125967de7adc88ccaf4ae3d0ebdda	79212	spontaneous-speech-fr-79212.mp3	10800	1803	Pourquoi pensez-vous que le ciel est bleu ?		0			French			
4a1178c9d9de5f9734dc3369c7325345	67589	spontaneous-speech-fr-67589.mp3	2520	6872	Quelles sont tes lectures du moment ?		0			French			
c68a599099184795da8fe86d676e40e4	71476	spontaneous-speech-fr-71476.mp3	21780	6872	Quelles sont tes lectures du moment ?		0			French			
bc6875abea27d2467654218246ce7146	63283	spontaneous-speech-fr-63283.mp3	28008	1754	Quels conseils donneriez-vous à un ami qui est nerveux à propos de quelque chose ?	Je lui proposerai de, euh, se relaxer quelques minutes de la manière suivante : il s'allonge confortablement, sans croiser ni les jambes ni les bras, et , euh, il se concentre sur sa respiration en faisant le vide. Il s'agit d'inspirer profondément et d'expirer lentement le plus longtemps possible en visualisant le trajet de l'air à l'intérieur de son corps.	1			French		10.746929448728935	
d489b9df269798d99acc9ccfee11859c	67183	spontaneous-speech-fr-67183.mp3	33228	1754	Quels conseils donneriez-vous à un ami qui est nerveux à propos de quelque chose ?	Alors, un conseil qu'on donne beaucoup aujourd'hui c'est d'être dans l'écoute. Donc voilà. Les gens sont parfois en recherche d'écoute, ils ont simplement besoin qu'on entende leurs problèmes, qu'on reconnaisse et qu'on valide le fait qu'ils sont nerveux. Et parfois d'autres personnes ou la même personne à d'autres moments de leur vie ont besoin de conseils et sont en recherche de solutions actives. Donc je verrai avec cette personne ce qui peut lui faire du bien à ce moment-là.	1			French		12.18851570964247	
00f798b2652da1cb5b5cff9fd96b65ea	73144	spontaneous-speech-fr-73144.mp3	3564	1754	Quels conseils donneriez-vous à un ami qui est nerveux à propos de quelque chose ?		0			French			
b597fa07c1aa693be6fbb853d062f9d3	71019	spontaneous-speech-fr-71019.mp3	58464	1806	Y a-t-il un devoir que vous vous souvenez avoir eu du mal à faire ?		0			French			
c68a599099184795da8fe86d676e40e4	71473	spontaneous-speech-fr-71473.mp3	6768	1806	Y a-t-il un devoir que vous vous souvenez avoir eu du mal à faire ?	Je suis beaucoup trop vieux pour me souvenir d'un devoir que j'ai eu du mal à faire.	1			French		10.047281323877069	
552070dc3db0f8de166c4714e5d82468	78811	spontaneous-speech-fr-78811.mp3	3564	7365	Jouez-vous d'un instrument ? Si oui, lequel ou lesquels ?		0			French			
05b125967de7adc88ccaf4ae3d0ebdda	79205	spontaneous-speech-fr-79205.mp3	7020	7365	Jouez-vous d'un instrument ? Si oui, lequel ou lesquels ?		0			French			
05b125967de7adc88ccaf4ae3d0ebdda	79172	spontaneous-speech-fr-79172.mp3	12132	9197	SAMU bonjour, quelle est votre urgence ?		0			French			
3e1919c5aa8af37115551b83405ddd39	63133	spontaneous-speech-fr-63133.mp3	8820	1752	Décrivez le temps qu'il fait là où vous êtes en ce moment.	Alors, souvent il y a un grand soleil et quelques nuages mais c'est, euh, il fait assez chaud, une vingtaine de degrés, j'dirai	1			French		11.904761904761905	
c68a599099184795da8fe86d676e40e4	71451	spontaneous-speech-fr-71451.mp3	15768	1752	Décrivez le temps qu'il fait là où vous êtes en ce moment.		0			French			
047bca920b3e5a7025f9bc4daa580ca3	72756	spontaneous-speech-fr-72756.mp3	6012	1752	Décrivez le temps qu'il fait là où vous êtes en ce moment.		0			French			
47290ed7d505be3f6140c5bc3796ddd0	73043	spontaneous-speech-fr-73043.mp3	18396	1752	Décrivez le temps qu'il fait là où vous êtes en ce moment.	C'est l'automne et en ce moment je suis bloquée à la maison mais par la fenêtre je vois qu'il y a un beau soleil, le ciel est bleu. Il a l'air de faire bon. Je vois le haut des arbres frémir donc il doit y avoir un petit peu de vent. C'est l'automne mais un automne où il à l'air de faire chaud et beau.	1			French		12.99195477277669	
707839be776ea79f79861555dce65367	71968	spontaneous-speech-fr-71968.mp3	3816	1715	D'après vous, quels sont les principaux avantages que les smartphones ont apportés à notre vie ?		0			French			
721a5ecd0b0131aafc854063b2ca8dc5	72655	spontaneous-speech-fr-72655.mp3	6552	1715	D'après vous, quels sont les principaux avantages que les smartphones ont apportés à notre vie ?		0			French			
9d3b8e7941b2bc0e5f7be594fcd60df8	73902	spontaneous-speech-fr-73902.mp3	23508	1715	D'après vous, quels sont les principaux avantages que les smartphones ont apportés à notre vie ?		0			French			
8e8accf41391dafc9940816b3411aa48	78804	spontaneous-speech-fr-78804.mp3	9756	1715	D'après vous, quels sont les principaux avantages que les smartphones ont apportés à notre vie ?		0			French			
7dde671dbdb7d6c5d23871c4bd8b38e5	78958	spontaneous-speech-fr-78958.mp3	7308	9236	Crois-tu en la capacité humaine de respirer le rouge des tomates?		0			French			
70e3a9c4c1850fb80be74fabaf2a40dd	73233	spontaneous-speech-fr-73233.mp3	8028	1785	Quels types d'entreprises aimeriez-vous voir davantage dans votre communauté ?		0			French			
b597fa07c1aa693be6fbb853d062f9d3	71021	spontaneous-speech-fr-71021.mp3	44640	7928	Combien coûte une sortie au restaurant dans votre pays?		0			French			
c68a599099184795da8fe86d676e40e4	71449	spontaneous-speech-fr-71449.mp3	12528	7928	Combien coûte une sortie au restaurant dans votre pays?		0			French			
47290ed7d505be3f6140c5bc3796ddd0	63329	spontaneous-speech-fr-63329.mp3	16956	1787	Dans votre culture, qui prend soin des personnes en fin de vie ?	Dans ma culture, la plupart du temps, les personnes en fin de vie sont prises en charge à l'hôpital, mais si elles ont de la chance, il y a un service de soins palliatifs pour leur donner des soins afin qu'elles ne souffrent pas mais le plus souvent,  malheureusement, elles sont à l'hôpital, elles souffrent ou alors elles meurent seules à la maison	1			French		16.92616183062043	
4a1178c9d9de5f9734dc3369c7325345	67587	spontaneous-speech-fr-67587.mp3	2700	1787	Dans votre culture, qui prend soin des personnes en fin de vie ?		0			French			
00f798b2652da1cb5b5cff9fd96b65ea	73145	spontaneous-speech-fr-73145.mp3	2772	1787	Dans votre culture, qui prend soin des personnes en fin de vie ?		0			French			
282a245ee202ed009931d38006275ce2	78278	spontaneous-speech-fr-78278.mp3	6876	1787	Dans votre culture, qui prend soin des personnes en fin de vie ?		0			French			
05b125967de7adc88ccaf4ae3d0ebdda	79182	spontaneous-speech-fr-79182.mp3	14004	1787	Dans votre culture, qui prend soin des personnes en fin de vie ?		0			French			
05b125967de7adc88ccaf4ae3d0ebdda	79191	spontaneous-speech-fr-79191.mp3	10800	9201	Elle vous répond quand vous lui parlez ?		0			French			
9f2fa8b056f6a9ea26b482e662066df3	68296	spontaneous-speech-fr-68296.mp3	4968	1762	Quel est votre film, émission de télévision ou pièce préféré(e) ?	Je ne regarde plus de films, ni de télé, ni de théâtre.	1			French		8.856682769726248	
d489b9df269798d99acc9ccfee11859c	67174	spontaneous-speech-fr-67174.mp3	16596	1741	Quel est votre type de temps préféré et pourquoi ?	Alors personnellement je préfère avoir chaud plutôt que froid. Donc, euh, le printemps ou l’été c’est mieux. Euh, j’aime quand il fait chaud avec un peu de vent, quand il fait juste assez doux mais sans vent.	1			French		10.363943118823812	
9f2fa8b056f6a9ea26b482e662066df3	68339	spontaneous-speech-fr-68339.mp3	5292	1741	Quel est votre type de temps préféré et pourquoi ?	J'aime le temps humide et doux de l'automne.	1			French		6.991685563114134	
048a9cd7eb72063944163e97834bcaa5	71445	spontaneous-speech-fr-71445.mp3	11448	1741	Quel est votre type de temps préféré et pourquoi ?	Je crois que j'aime toutes les sortes de temps. En fait, pour chaque sorte de temps, il y a toujours quelque chose à faire que ce soit dedans ou dehors.	1			French		10.744234800838575	
721a5ecd0b0131aafc854063b2ca8dc5	71483	spontaneous-speech-fr-71483.mp3	4932	1741	Quel est votre type de temps préféré et pourquoi ?		0			French			
047bca920b3e5a7025f9bc4daa580ca3	72731	spontaneous-speech-fr-72731.mp3	6300	1741	Quel est votre type de temps préféré et pourquoi ?		0			French			
de2e528fea6cbe711268ae999e034a40	63506	spontaneous-speech-fr-63506.mp3	18756	1756	Qui est votre célébrité ou acteur préféré ?	J'ai toujours apprécié les comédiens de la Comédie Française. Par exemple, aujourd'hui euh, Podalydès et beaucoup d'autres. Mais jadis, Gérard Philippe était un peu mon idole.	1			French		7.99744081893794	
d489b9df269798d99acc9ccfee11859c	67185	spontaneous-speech-fr-67185.mp3	39816	1756	Qui est votre célébrité ou acteur préféré ?	"Alors, ce n'est peut-être pas la bonne réponse mais, là, la personne qui me vient, c'est l'actrice qui joue Hermione Granger dans Harry Potter, qui s'appelle, qui s'appelle Emma Watson, euh, parce que c'est une très bonne personne au delà de son rôle, du personnage qu'elle a joué. C'est quelqu'un, mais avec... comme tout le ""cast"", toute l'équipe des acteurs de Harry Potter qui ont grandi et sont devenus des personnes vraiment très respectueuses, très droites, très humbles et qui, qui cherchent à faire le bien dans le monde, notamment en faisant des interventions auprès de l'ONU ou en faisant la promotion d’œuvres caritatives."	1			French		13.33634719710669	
543eb6b0dc3df3d1e0dc97e8fe9cb11b	67681	spontaneous-speech-fr-67681.mp3	7596	1756	Qui est votre célébrité ou acteur préféré ?		0			French			
05b125967de7adc88ccaf4ae3d0ebdda	79197	spontaneous-speech-fr-79197.mp3	11448	1756	Qui est votre célébrité ou acteur préféré ?		0			French			
9f2fa8b056f6a9ea26b482e662066df3	68309	spontaneous-speech-fr-68309.mp3	46332	1784	Que pensez-vous que soit l'IA (intelligence artificielle) ?		0			French			
c68a599099184795da8fe86d676e40e4	71468	spontaneous-speech-fr-71468.mp3	32796	1784	Que pensez-vous que soit l'IA (intelligence artificielle) ?	C'est une invention extraordinairement formidable, mais qui va être malheureusement mal employée par, euh, certaines euh personnes, ou gouvernements, ou ou organisations, qui vont profiter de sa capacité à nous, à nous, à nous, à nous, à nous tromper ou essayer de nous tromper. Je suis très pessimiste. Voilà.	1			French		7.988779119404805	
083fcf8cb9c457399752879a043f9f00	72401	spontaneous-speech-fr-72401.mp3	17352	1784	Que pensez-vous que soit l'IA (intelligence artificielle) ?		0			French			
c33981e803ce932a7ba8acee40cdf1a6	75181	spontaneous-speech-fr-75181.mp3	3276	1784	Que pensez-vous que soit l'IA (intelligence artificielle) ?	Écoute y'en a pas. N'a pas.	1			French		6.715506715506715	
7dde671dbdb7d6c5d23871c4bd8b38e5	78956	spontaneous-speech-fr-78956.mp3	21564	1784	Que pensez-vous que soit l'IA (intelligence artificielle) ?		0			French			
de2e528fea6cbe711268ae999e034a40	63505	spontaneous-speech-fr-63505.mp3	10872	1789	Quel type d'art aimez-vous ?	La musique. Et le théâtre. Je les aime, je les pratique.	1			French		4.2310522442972776	
083fcf8cb9c457399752879a043f9f00	72379	spontaneous-speech-fr-72379.mp3	16380	1789	Quel type d'art aimez-vous ?	J'aime la peinture, la sculpture, et la musique plus que tout.	1			French		3.174603174603175	
05b125967de7adc88ccaf4ae3d0ebdda	79214	spontaneous-speech-fr-79214.mp3	7524	1789	Quel type d'art aimez-vous ?		0			French			
543eb6b0dc3df3d1e0dc97e8fe9cb11b	67680	spontaneous-speech-fr-67680.mp3	4320	1786	Quel est le plus gros insecte dans votre région ?		0			French			
c68a599099184795da8fe86d676e40e4	71461	spontaneous-speech-fr-71461.mp3	7488	1786	Quel est le plus gros insecte dans votre région ?	Alors je ne sais pas si c'est le plus gros insecte de ma région mais ici nous avons beaucoup de cigales.	1			French		11.217948717948717	
083fcf8cb9c457399752879a043f9f00	72399	spontaneous-speech-fr-72399.mp3	4968	1786	Quel est le plus gros insecte dans votre région ?		0			French			
31fb59dd5111f04a506e12fc0436eed3	72428	spontaneous-speech-fr-72428.mp3	5904	1786	Quel est le plus gros insecte dans votre région ?		0			French			
8e8accf41391dafc9940816b3411aa48	78794	spontaneous-speech-fr-78794.mp3	3996	1786	Quel est le plus gros insecte dans votre région ?		0			French			
0f1f94f4f6d44180bd3a94c9d9db68da	20305	spontaneous-speech-fr-20305.mp3	63108	1733	Quels types de plantes ou de fleurs avez-vous vus cette semaine ?	Cette semaine j’ai vu principalement les plantes que j’ai chez moi, donc, pour en citer quelques-unes, des monsteras, des bananiers, des strelitzias, euh, des cactus, euh, deux ou trois arbres, euh une yucca, une yucca géante, quelques fleurs, des plantes de romarin, de sauge, un grenadier et un oranger. Et euh, aujourd’hui en balade j’ai vu d’autres palmiers géants, et quoi d’autre. Un petit peu de palmiers], oui. Et des fleurs, euh, des fleurs je serais pas citer.	1			French		6.22741966153261	
543eb6b0dc3df3d1e0dc97e8fe9cb11b	67678	spontaneous-speech-fr-67678.mp3	12384	1733	Quels types de plantes ou de fleurs avez-vous vus cette semaine ?		0			French			
9f2fa8b056f6a9ea26b482e662066df3	68317	spontaneous-speech-fr-68317.mp3	34920	1733	Quels types de plantes ou de fleurs avez-vous vus cette semaine ?		0			French			
8e8accf41391dafc9940816b3411aa48	78798	spontaneous-speech-fr-78798.mp3	5256	1733	Quels types de plantes ou de fleurs avez-vous vus cette semaine ?		0			French			
9f2fa8b056f6a9ea26b482e662066df3	68295	spontaneous-speech-fr-68295.mp3	13860	1729	Quelles étaient vos matières préférées à l'école et pourquoi ?	On tourne en boucle, j'ai déjà répondu à cette question, sauf que maintenant c'est au pluriel, je reste sur l'anglais, c'est ma matière préférée, c'était l'anglais et pourquoi, parce que j'aimais ça.	1			French		12.121212121212121	
c68a599099184795da8fe86d676e40e4	71479	spontaneous-speech-fr-71479.mp3	8280	1729	Quelles étaient vos matières préférées à l'école et pourquoi ?		0			French			
4997f554e0563c2f3e019e07a3ae9285	72014	spontaneous-speech-fr-72014.mp3	7956	1729	Quelles étaient vos matières préférées à l'école et pourquoi ?		0			French			
de2e528fea6cbe711268ae999e034a40	63498	spontaneous-speech-fr-63498.mp3	5940	1732	Quels types d'animaux de compagnie sont les plus courants dans votre communauté ?	Les chats, les chiens naturellement.	1			French		5.387205387205387	
282a245ee202ed009931d38006275ce2	78277	spontaneous-speech-fr-78277.mp3	8964	1732	Quels types d'animaux de compagnie sont les plus courants dans votre communauté ?		0			French			
c68a599099184795da8fe86d676e40e4	71465	spontaneous-speech-fr-71465.mp3	7776	1801	Quel instrument de musique jouez-vous ?		0			French			
fdcc05442cab430d643b8292355bf16b	72805	spontaneous-speech-fr-72805.mp3	3996	1801	Quel instrument de musique jouez-vous ?		0			French			
de2e528fea6cbe711268ae999e034a40	63497	spontaneous-speech-fr-63497.mp3	6588	1799	Quels problèmes de santé sont préoccupants dans votre pays ?	La santé mentale.	1			French		2.276867030965392	transcription-length
9a240a4c1dfb10e6a6761a13a6f36c65	71448	spontaneous-speech-fr-71448.mp3	288	1799	Quels problèmes de santé sont préoccupants dans votre pays ?		0			French			short-audio
c68a599099184795da8fe86d676e40e4	71463	spontaneous-speech-fr-71463.mp3	22536	1799	Quels problèmes de santé sont préoccupants dans votre pays ?	Un des gros problèmes de santé préoccupant dans mon pays c'est l'obésité. Mais heu, quand je voyage je constate que ce n'est pas propre à la France. Parce que c'est une épidémie vraiment mondiale.	1			French		7.232871849485267	
05b125967de7adc88ccaf4ae3d0ebdda	79189	spontaneous-speech-fr-79189.mp3	12636	1799	Quels problèmes de santé sont préoccupants dans votre pays ?		0			French			
47290ed7d505be3f6140c5bc3796ddd0	73039	spontaneous-speech-fr-73039.mp3	9936	1751	De quoi êtes-vous fier ?		0			French			
083fcf8cb9c457399752879a043f9f00	72383	spontaneous-speech-fr-72383.mp3	17352	7363	Aimez-vous les fleurs et les plantes ? Si oui, y en a-t-il qui ont votre préférence ?		0			French			
05b125967de7adc88ccaf4ae3d0ebdda	79202	spontaneous-speech-fr-79202.mp3	8064	9207	Je peux avoir votre numéro au cas où la ligne coupe ?		0			French			
543eb6b0dc3df3d1e0dc97e8fe9cb11b	67674	spontaneous-speech-fr-67674.mp3	19224	1811	Quelle est votre couleur préférée ? Pourquoi ?	Moi, j'aime beaucoup le violet. Je trouve que c'est une couleur qui est, je sais pas, c'est... assez original et je trouve que... Je sais pas, je trouve que c'est une couleur qui se marie bien avec plein de choses et c'est une couleur qu'on voit peu aujourd'hui. Et c'est vraiment assez terne, la société dans laquelle on vit. Voilà un p'tit peu.	1			French		14.773200166458594	
9f2fa8b056f6a9ea26b482e662066df3	68310	spontaneous-speech-fr-68310.mp3	8820	1811	Quelle est votre couleur préférée ? Pourquoi ?	"Je ne suis pas sûre d'avoir une couleur préférée, et je ne vois vraiment pas comment on peut répondre à la question ""pourquoi ?"""	1			French		11.904761904761905	
047bca920b3e5a7025f9bc4daa580ca3	72766	spontaneous-speech-fr-72766.mp3	5184	1811	Quelle est votre couleur préférée ? Pourquoi ?		0			French			
9f2fa8b056f6a9ea26b482e662066df3	68312	spontaneous-speech-fr-68312.mp3	18036	1749	Quels types de sports ou d'exercices aimez-vous ?	J'aime la musculation, le vélo, la marche à pied, la gym, le stretching, voilà, le renforcement musculaire, en salle.	1			French		5.489021956087824	
c68a599099184795da8fe86d676e40e4	71460	spontaneous-speech-fr-71460.mp3	18180	1749	Quels types de sports ou d'exercices aimez-vous ?		0			French			
b172e6982fdcbc5aa264c9661aa9f456	71682	spontaneous-speech-fr-71682.mp3	8136	1749	Quels types de sports ou d'exercices aimez-vous ?	Alors [disfluency] moi j'aime bien les sports qui vont un peu vite, et [disfluency] et j'aime bien faire des abdos aussi.	1			French		12.413962635201571	
047bca920b3e5a7025f9bc4daa580ca3	72723	spontaneous-speech-fr-72723.mp3	5904	1749	Quels types de sports ou d'exercices aimez-vous ?		0			French			
05b125967de7adc88ccaf4ae3d0ebdda	79183	spontaneous-speech-fr-79183.mp3	6588	1749	Quels types de sports ou d'exercices aimez-vous ?		0			French			
0f1f94f4f6d44180bd3a94c9d9db68da	20307	spontaneous-speech-fr-20307.mp3	22356	1769	Décrivez le dernier animal que vous avez vu.	Le dernier animal que j'ai vu aujourd’hui c'est un bouledogue français, tout mignon, tout gris, qui se promenait, euh, dans le parc, euh, ce matin et euh, qui était, euh, à la laisse avec son patron.	1			French		7.335838253712649	
9f2fa8b056f6a9ea26b482e662066df3	68298	spontaneous-speech-fr-68298.mp3	5868	1769	Décrivez le dernier animal que vous avez vu.		0			French			
fdcc05442cab430d643b8292355bf16b	72804	spontaneous-speech-fr-72804.mp3	5580	1769	Décrivez le dernier animal que vous avez vu.		0			French			
00f798b2652da1cb5b5cff9fd96b65ea	73146	spontaneous-speech-fr-73146.mp3	2268	1769	Décrivez le dernier animal que vous avez vu.	A Kàtz	1			French		2.204585537918871	transcription-length
05b125967de7adc88ccaf4ae3d0ebdda	79192	spontaneous-speech-fr-79192.mp3	15984	1716	Décrivez un moment où vous avez ressenti une grande joie. Qu'est-ce qui a rendu cette expérience si spéciale ?		0			French			
05b125967de7adc88ccaf4ae3d0ebdda	79185	spontaneous-speech-fr-79185.mp3	3816	9203	Elle s’est effondrée d’un coup ?		0			French			
